sample,motif,gene,beta,dataset
S01.AVG_Beta,AAGA,PQBP1,0.78356,T1D_IFNa
S01.AVG_Beta,AAGA,SAT1,0.15496,T1D_IFNa
S01.AVG_Beta,ACAC,PQBP1,0.33777999999999997,T1D_IFNa
S01.AVG_Beta,ACAC,SAT1,0.15496,T1D_IFNa
S01.AVG_Beta,ATAG,SAT1,0.15496,T1D_IFNa
S01.AVG_Beta,ATCT,PQBP1,0.659165,T1D_IFNa
S01.AVG_Beta,ATCT,SAT1,0.15496,T1D_IFNa
S01.AVG_Beta,GAGG,PQBP1,0.449225,T1D_IFNa
S01.AVG_Beta,TATG,PQBP1,0.78356,T1D_IFNa
S01.AVG_Beta,TCTT,PQBP1,0.53477,T1D_IFNa
S01.AVG_Beta,TCTT,SAT1,0.15496,T1D_IFNa
S01.Detection.Pval,AAGA,PQBP1,0.0,T1D_IFNa
S01.Detection.Pval,AAGA,SAT1,0.0,T1D_IFNa
S01.Detection.Pval,ACAC,PQBP1,0.0,T1D_IFNa
S01.Detection.Pval,ACAC,SAT1,0.0,T1D_IFNa
S01.Detection.Pval,ATAG,SAT1,0.0,T1D_IFNa
S01.Detection.Pval,ATCT,PQBP1,0.0,T1D_IFNa
S01.Detection.Pval,ATCT,SAT1,0.0,T1D_IFNa
S01.Detection.Pval,GAGG,PQBP1,0.0,T1D_IFNa
S01.Detection.Pval,TATG,PQBP1,0.0,T1D_IFNa
S01.Detection.Pval,TCTT,PQBP1,0.0,T1D_IFNa
S01.Detection.Pval,TCTT,SAT1,0.0,T1D_IFNa
S02.AVG_Beta,AAGA,PQBP1,0.74144,T1D_IFNa
S02.AVG_Beta,AAGA,SAT1,0.18060500000000002,T1D_IFNa
S02.AVG_Beta,ACAC,PQBP1,0.31051,T1D_IFNa
S02.AVG_Beta,ACAC,SAT1,0.18060500000000002,T1D_IFNa
S02.AVG_Beta,ATAG,SAT1,0.18060500000000002,T1D_IFNa
S02.AVG_Beta,ATCT,PQBP1,0.61092,T1D_IFNa
S02.AVG_Beta,ATCT,SAT1,0.18060500000000002,T1D_IFNa
S02.AVG_Beta,GAGG,PQBP1,0.4182425,T1D_IFNa
S02.AVG_Beta,TATG,PQBP1,0.74144,T1D_IFNa
S02.AVG_Beta,TCTT,PQBP1,0.4804,T1D_IFNa
S02.AVG_Beta,TCTT,SAT1,0.18060500000000002,T1D_IFNa
S02.Detection.Pval,AAGA,PQBP1,0.0,T1D_IFNa
S02.Detection.Pval,AAGA,SAT1,0.0,T1D_IFNa
S02.Detection.Pval,ACAC,PQBP1,0.0,T1D_IFNa
S02.Detection.Pval,ACAC,SAT1,0.0,T1D_IFNa
S02.Detection.Pval,ATAG,SAT1,0.0,T1D_IFNa
S02.Detection.Pval,ATCT,PQBP1,0.0,T1D_IFNa
S02.Detection.Pval,ATCT,SAT1,0.0,T1D_IFNa
S02.Detection.Pval,GAGG,PQBP1,0.0,T1D_IFNa
S02.Detection.Pval,TATG,PQBP1,0.0,T1D_IFNa
S02.Detection.Pval,TCTT,PQBP1,0.0,T1D_IFNa
S02.Detection.Pval,TCTT,SAT1,0.0,T1D_IFNa
S03.AVG_Beta,AAGA,PQBP1,0.77016,T1D_IFNa
S03.AVG_Beta,AAGA,SAT1,0.089905,T1D_IFNa
S03.AVG_Beta,ACAC,PQBP1,0.25279333333333337,T1D_IFNa
S03.AVG_Beta,ACAC,SAT1,0.089905,T1D_IFNa
S03.AVG_Beta,ATAG,SAT1,0.089905,T1D_IFNa
S03.AVG_Beta,ATCT,PQBP1,0.619755,T1D_IFNa
S03.AVG_Beta,ATCT,SAT1,0.089905,T1D_IFNa
S03.AVG_Beta,GAGG,PQBP1,0.382135,T1D_IFNa
S03.AVG_Beta,TATG,PQBP1,0.77016,T1D_IFNa
S03.AVG_Beta,TCTT,PQBP1,0.46935,T1D_IFNa
S03.AVG_Beta,TCTT,SAT1,0.089905,T1D_IFNa
S03.Detection.Pval,AAGA,PQBP1,0.0,T1D_IFNa
S03.Detection.Pval,AAGA,SAT1,0.0,T1D_IFNa
S03.Detection.Pval,ACAC,PQBP1,0.0,T1D_IFNa
S03.Detection.Pval,ACAC,SAT1,0.0,T1D_IFNa
S03.Detection.Pval,ATAG,SAT1,0.0,T1D_IFNa
S03.Detection.Pval,ATCT,PQBP1,0.0,T1D_IFNa
S03.Detection.Pval,ATCT,SAT1,0.0,T1D_IFNa
S03.Detection.Pval,GAGG,PQBP1,0.0,T1D_IFNa
S03.Detection.Pval,TATG,PQBP1,0.0,T1D_IFNa
S03.Detection.Pval,TCTT,PQBP1,0.0,T1D_IFNa
S03.Detection.Pval,TCTT,SAT1,0.0,T1D_IFNa
S04.AVG_Beta,AAGA,PQBP1,0.77333,T1D_IFNa
S04.AVG_Beta,AAGA,SAT1,0.08618,T1D_IFNa
S04.AVG_Beta,ACAC,PQBP1,0.3001833333333333,T1D_IFNa
S04.AVG_Beta,ACAC,SAT1,0.08618,T1D_IFNa
S04.AVG_Beta,ATAG,SAT1,0.08618,T1D_IFNa
S04.AVG_Beta,ATCT,PQBP1,0.6784699999999999,T1D_IFNa
S04.AVG_Beta,ATCT,SAT1,0.08618,T1D_IFNa
S04.AVG_Beta,GAGG,PQBP1,0.41847,T1D_IFNa
S04.AVG_Beta,TATG,PQBP1,0.77333,T1D_IFNa
S04.AVG_Beta,TCTT,PQBP1,0.58361,T1D_IFNa
S04.AVG_Beta,TCTT,SAT1,0.08618,T1D_IFNa
S04.Detection.Pval,AAGA,PQBP1,0.0,T1D_IFNa
S04.Detection.Pval,AAGA,SAT1,0.0,T1D_IFNa
S04.Detection.Pval,ACAC,PQBP1,0.0,T1D_IFNa
S04.Detection.Pval,ACAC,SAT1,0.0,T1D_IFNa
S04.Detection.Pval,ATAG,SAT1,0.0,T1D_IFNa
S04.Detection.Pval,ATCT,PQBP1,0.0,T1D_IFNa
S04.Detection.Pval,ATCT,SAT1,0.0,T1D_IFNa
S04.Detection.Pval,GAGG,PQBP1,0.0,T1D_IFNa
S04.Detection.Pval,TATG,PQBP1,0.0,T1D_IFNa
S04.Detection.Pval,TCTT,PQBP1,0.0,T1D_IFNa
S04.Detection.Pval,TCTT,SAT1,0.0,T1D_IFNa
S05.AVG_Beta,AAGA,PQBP1,0.78421,T1D_IFNa
S05.AVG_Beta,AAGA,SAT1,0.184395,T1D_IFNa
S05.AVG_Beta,ACAC,PQBP1,0.30229,T1D_IFNa
S05.AVG_Beta,ACAC,SAT1,0.184395,T1D_IFNa
S05.AVG_Beta,ATAG,SAT1,0.184395,T1D_IFNa
S05.AVG_Beta,ATCT,PQBP1,0.6895249999999999,T1D_IFNa
S05.AVG_Beta,ATCT,SAT1,0.184395,T1D_IFNa
S05.AVG_Beta,GAGG,PQBP1,0.42277,T1D_IFNa
S05.AVG_Beta,TATG,PQBP1,0.78421,T1D_IFNa
S05.AVG_Beta,TCTT,PQBP1,0.59484,T1D_IFNa
S05.AVG_Beta,TCTT,SAT1,0.184395,T1D_IFNa
S05.Detection.Pval,AAGA,PQBP1,0.0,T1D_IFNa
S05.Detection.Pval,AAGA,SAT1,0.0,T1D_IFNa
S05.Detection.Pval,ACAC,PQBP1,0.0,T1D_IFNa
S05.Detection.Pval,ACAC,SAT1,0.0,T1D_IFNa
S05.Detection.Pval,ATAG,SAT1,0.0,T1D_IFNa
S05.Detection.Pval,ATCT,PQBP1,0.0,T1D_IFNa
S05.Detection.Pval,ATCT,SAT1,0.0,T1D_IFNa
S05.Detection.Pval,GAGG,PQBP1,0.0,T1D_IFNa
S05.Detection.Pval,TATG,PQBP1,0.0,T1D_IFNa
S05.Detection.Pval,TCTT,PQBP1,0.0,T1D_IFNa
S05.Detection.Pval,TCTT,SAT1,0.0,T1D_IFNa
S06.AVG_Beta,AAGA,PQBP1,0.81405,T1D_IFNa
S06.AVG_Beta,AAGA,SAT1,0.16953000000000001,T1D_IFNa
S06.AVG_Beta,ACAC,PQBP1,0.25377666666666665,T1D_IFNa
S06.AVG_Beta,ACAC,SAT1,0.16953000000000001,T1D_IFNa
S06.AVG_Beta,ATAG,SAT1,0.16953000000000001,T1D_IFNa
S06.AVG_Beta,ATCT,PQBP1,0.69407,T1D_IFNa
S06.AVG_Beta,ATCT,SAT1,0.16953000000000001,T1D_IFNa
S06.AVG_Beta,GAGG,PQBP1,0.393845,T1D_IFNa
S06.AVG_Beta,TATG,PQBP1,0.81405,T1D_IFNa
S06.AVG_Beta,TCTT,PQBP1,0.57409,T1D_IFNa
S06.AVG_Beta,TCTT,SAT1,0.16953000000000001,T1D_IFNa
S06.Detection.Pval,AAGA,PQBP1,0.0,T1D_IFNa
S06.Detection.Pval,AAGA,SAT1,0.0,T1D_IFNa
S06.Detection.Pval,ACAC,PQBP1,0.0,T1D_IFNa
S06.Detection.Pval,ACAC,SAT1,0.0,T1D_IFNa
S06.Detection.Pval,ATAG,SAT1,0.0,T1D_IFNa
S06.Detection.Pval,ATCT,PQBP1,0.0,T1D_IFNa
S06.Detection.Pval,ATCT,SAT1,0.0,T1D_IFNa
S06.Detection.Pval,GAGG,PQBP1,0.0,T1D_IFNa
S06.Detection.Pval,TATG,PQBP1,0.0,T1D_IFNa
S06.Detection.Pval,TCTT,PQBP1,0.0,T1D_IFNa
S06.Detection.Pval,TCTT,SAT1,0.0,T1D_IFNa
